{"cameraMode":{"drawMode":0,"name":"Shaded","section":"Shading Mode"},"sceneLighting":false,"audioPlay":false,"sceneViewState":{"m_AlwaysRefresh":false,"showFog":true,"showSkybox":false,"showFlares":true,"showImageEffects":true,"showParticleSystems":true,"showVisualEffectGraphs":true,"m_FxEnabled":true},"in2DMode":false,"pivot":{"x":-0.000026047229766845703,"y":0.8539907336235046,"z":0.001553356647491455},"rotation":{"x":-0.04908673092722893,"y":0.8942080736160278,"z":-0.10130493342876435,"w":-0.4332755506038666},"size":1.1684542894363404,"orthographic":false}